{"cameraMode":{"drawMode":0,"name":"Shaded","section":"Shading Mode"},"sceneLighting":false,"audioPlay":false,"sceneViewState":{"m_AlwaysRefresh":false,"showFog":true,"showSkybox":false,"showFlares":true,"showImageEffects":true,"showParticleSystems":true,"showVisualEffectGraphs":true,"m_FxEnabled":true},"in2DMode":false,"pivot":{"x":2.898212432861328,"y":0.7899999618530273,"z":-4.334936141967773},"rotation":{"x":0.08414638042449951,"y":0.038847725838422778,"z":-0.003279095282778144,"w":0.995697557926178},"size":0.8660253882408142,"orthographic":false}